model,accuracy,f1_macro,precision_macro,recall_macro
SVM-rbf,0.8972602739726028,0.891505990466784,0.8971686171174662,0.8905281710159758
